Tên ưu đãi,Thời gian ưu đãi,Tỉ lệ hoa hồng,Link ưu đãi,Tracking link ngắn
YUNANUN Mall,"bắt đầu: 2025-06-27
kết thúc: Không giới hạn","Lên đến 17,5%",https://shopee.vn/shop/1263784487,https://s.shopee.vn/7VAMmLufsu
nourishbowl8d.vn,"bắt đầu: 2025-12-21
kết thúc: Không giới hạn","Lên đến 9,5%",https://shopee.vn/shop/1618599568,https://s.shopee.vn/7Kqwa2vJDt
CelestialGlow.vn,"bắt đầu: 2025-04-03
kết thúc: Không giới hạn","Lên đến 14,5%",https://shopee.vn/shop/1492060329,https://s.shopee.vn/7pnDAxtPD0
Xưởng Chavina Bedding,"bắt đầu: 2025-11-05
kết thúc: Không giới hạn","Lên đến 14,5%",https://shopee.vn/shop/1529224714,https://s.shopee.vn/7fTmyeu2Xz
Mũ Bảo Hiểm NT,"bắt đầu: 2025-07-06
kết thúc: Không giới hạn","Lên đến 14,5%",https://shopee.vn/shop/254023505,https://s.shopee.vn/6pufz7xDEq
pikalu.vn,"bắt đầu: 2024-08-24
kết thúc: Không giới hạn","Lên đến 12,5%",https://shopee.vn/shop/1002993716,https://s.shopee.vn/6fbFmoxqZp
lopuhfop8.vn,"bắt đầu: 2025-10-13
kết thúc: Không giới hạn","Lên đến 10,5%",https://shopee.vn/shop/1611404071,https://s.shopee.vn/7AXWNjvwYw
WealthServ.vn,"bắt đầu: 2025-08-23
kết thúc: Không giới hạn","Lên đến 13,5%",https://shopee.vn/shop/1505395478,https://s.shopee.vn/70E6BQwZtv
Techtrend Store,"bắt đầu: 2025-12-09
kết thúc: Không giới hạn","Lên đến 8,5%",https://shopee.vn/shop/135615804,https://s.shopee.vn/6AezBtzkam
Emalia Organyc,"bắt đầu: 2025-10-17
kết thúc: Không giới hạn","Lên đến 15,5%",https://shopee.vn/shop/1643420367,https://s.shopee.vn/60LYzb0Nvl
edwsklou5.vn,"bắt đầu: 2025-10-12
kết thúc: Không giới hạn","Lên đến 10,5%",https://shopee.vn/shop/1610788782,https://s.shopee.vn/6VHpaVyTus
I SHOW Phòng Thời Trang.,"bắt đầu: 2025-06-25
kết thúc: Không giới hạn","Lên đến 19,5%",https://shopee.vn/shop/427899394,https://s.shopee.vn/6KyPOCz7Fr
Lagumi Official Store,"bắt đầu: 2023-07-11
kết thúc: Không giới hạn","Lên đến 15,5%",https://shopee.vn/shop/477988486,https://s.shopee.vn/5VPIOg2Hwi
kopuson9.vn,"bắt đầu: 2025-10-12
kết thúc: Không giới hạn","Lên đến 10,5%",https://shopee.vn/shop/1610199139,https://s.shopee.vn/5L5sCN2vHh
niyyrrreee1115y.vn,"bắt đầu: 2025-11-28
kết thúc: Không giới hạn","Lên đến 9,5%",https://shopee.vn/shop/1618515145,https://s.shopee.vn/5q28nI11Go
blackfun.vn,"bắt đầu: 2025-01-18
kết thúc: Không giới hạn","Lên đến 6,5%",https://shopee.vn/shop/578515672,https://s.shopee.vn/5fiiaz1ebn
yuwer1.vn,"bắt đầu: 2025-01-10
kết thúc: Không giới hạn","Lên đến 10,5%",https://shopee.vn/shop/1367217853,https://s.shopee.vn/AAB7xFkWTg
LuminousDew.vn,"bắt đầu: 2025-04-14
kết thúc: Không giới hạn","Lên đến 15,5%",https://shopee.vn/shop/1492051571,https://s.shopee.vn/9zrhkwl9of
trendywondersll.vn,"bắt đầu: 2026-01-19
kết thúc: Không giới hạn","Lên đến 9,5%",https://shopee.vn/shop/1608587113,https://s.shopee.vn/AUnyLrjFnm
areyourshop.vn,"bắt đầu: 2023-05-01
kết thúc: Không giới hạn","Lên đến 7,5%",https://shopee.vn/shop/127266142,https://s.shopee.vn/AKUY9Yjt8l
